<?xml version="1.0"?>
<!DOCTYPE module PUBLIC
    "-//Puppy Crawl//DTD Check Configuration 1.1//EN"
    "http://www.puppycrawl.com/dtds/configuration_1_1.dtd">

<!--

  Checkstyle configuration that checks the sun coding conventions from:

    - the Java Language Specification at
      http://java.sun.com/docs/books/jls/second_edition/html/index.html

    - the Sun Code Conventions at http://java.sun.com/docs/codeconv/

    - the Javadoc guidelines at
      http://java.sun.com/j2se/javadoc/writingdoccomments/index.html

    - the JDK Api documentation http://java.sun.com/j2se/docs/api/index.html

    - some best practices

  Checkstyle is very configurable. Be sure to read the documentation at
  http://checkstyle.sf.net (or in your downloaded distribution).

  Most Checks are configurable, be sure to consult the documentation.

  To completely disable a check, just comment it out or delete it from the file.

  Finally, it is worth reading the documentation.

-->

<module name="Checker">

    <!-- Checks that a package.html file exists for each package.     -->
    <!-- See http://checkstyle.sf.net/config_javadoc.html#PackageHtml -->
    <module name="PackageHtml">
      <property name="severity" value="warning"/>
    </module>

    <!-- Checks whether files end with a new line.                        -->
    <!-- See http://checkstyle.sf.net/config_misc.html#NewlineAtEndOfFile -->
    <module name="NewlineAtEndOfFile"/>

    <!-- Checks that property files contain the same keys.         -->
    <!-- See http://checkstyle.sf.net/config_misc.html#Translation -->
    <module name="Translation"/>


    <module name="TreeWalker">

        <!-- property name="cacheFile" value="${checkstyle.cache.file}"/ -->

      <module name="FileContentsHolder"/>

        <!-- Checks for Javadoc comments.                     -->
        <!-- See http://checkstyle.sf.net/config_javadoc.html -->
      <module name="JavadocType">
        <property name="severity" value="warning"/>
      </module>
      <module name="JavadocMethod">
        <property name="scope" value="private"/>
        <property name="severity" value="warning"/>
        <property name="allowUndeclaredRTE" value="true"/>
      </module>
      <!--
      <module name="JavadocVariable"/>
      -->

        <!-- Checks for Naming Conventions.                  -->
        <!-- See http://checkstyle.sf.net/config_naming.html -->
      <module name="ConstantName"/>
      <module name="LocalFinalVariableName"/>
      <module name="LocalVariableName"/>
      <module name="MemberName"/>
      <module name="MethodName"/>
      <module name="PackageName"/>
      <module name="ParameterName"/>
      <module name="StaticVariableName"/>
      <module name="TypeName"/>


      <!-- Checks for imports                              -->
      <!-- See http://checkstyle.sf.net/config_import.html -->
      <module name="AvoidStarImport"/>
      <module name="IllegalImport"/> <!-- defaults to sun.* packages -->
      <module name="RedundantImport"/>
      <module name="UnusedImports"/>


        <!-- Checks for Size Violations.                    -->
        <!-- See http://checkstyle.sf.net/config_sizes.html -->
        <module name="FileLength">
              <property name="max" value="6000"/>
        </module>
        <module name="LineLength">
          <!-- exclude javadoc from length check -->
          <!-- clemens likes his buildConstraints and wants them in one line -->
          <property name="ignorePattern" value="^( *\* @|import| *buildConstraints).+$"/>
        </module>
        <module name="MethodLength">
          <property name="severity" value="warning"/>
        </module>
        <!-- module name="ParameterNumber"/ -->


        <!-- Checks for whitespace                               -->
        <!-- See http://checkstyle.sf.net/config_whitespace.html -->
        <module name="EmptyForIteratorPad"/>
        <module name="NoWhitespaceAfter">
          <property name="tokens" value="ARRAY_INIT,BNOT,DEC,DOT,INC,LNOT,UNARY_MINUS,UNARY_PLUS"/>
        </module>
        <module name="NoWhitespaceBefore"/>
        <module name="OperatorWrap">
          <property name="tokens" value="ASSIGN,PLUS"/>
          <property name="option" value="eol"/>
        </module>
        <module name="ParenPad"/>
        <module name="TabCharacter"/>
        <module name="WhitespaceAfter">
          <property name="tokens" value="COMMA, SEMI"/>
        </module>
        <!-- <module name="WhitespaceAround"/> -->


        <!-- Modifier Checks                                    -->
        <!-- See http://checkstyle.sf.net/config_modifiers.html -->
        <module name="ModifierOrder"/>
        <module name="RedundantModifier"/>


        <!-- Checks for blocks. You know, those {}'s         -->
        <!-- See http://checkstyle.sf.net/config_blocks.html -->
        <module name="AvoidNestedBlocks"/>

        <!--
        WW: Ignore these settings until we find out a way
        how to set this up according to Epi style.
        -->
        <!--
        <module name="EmptyBlock"/>
        <module name="LeftCurly"/>
        <module name="NeedBraces"/>
        <module name="RightCurly"/>
        -->


        <!-- Checks for common coding problems               -->
        <!-- See http://checkstyle.sf.net/config_coding.html -->
        <!-- <module name="AvoidInlineConditionals"/> -->
        <module name="DoubleCheckedLocking"/>    <!-- MY FAVOURITE -->

        <!-- WW: We allow it -->
        <!--
        <module name="EmptyStatement"/>
        -->
        <module name="EqualsHashCode"/>
        <module name="HiddenField">
          <property name="ignoreConstructorParameter" value="true"/>
          <property name="ignoreSetter" value="true"/>
        </module>
        <module name="IllegalInstantiation"/>
        <module name="InnerAssignment"/>

        <!--
          WW: I am not sure if this works properly, it even gives
          a warning if you declare a constant with the "magic number" !
          So, I deactivate this
        -->
        <!--
        <module name="MagicNumber"/>
        -->
        <module name="MissingSwitchDefault"/>
        <module name="RedundantThrows"/>
        <module name="SimplifyBooleanExpression"/>
        <module name="SimplifyBooleanReturn"/>

        <!-- Checks for class design                         -->
        <!-- See http://checkstyle.sf.net/config_design.html -->

        <!--
          WW: DesignForExtension is deactivated because it
          leads to warnings that are too strict.
        -->
        <!--
        <module name="DesignForExtension"/>
        -->

        <module name="FinalClass"/>
        <module name="HideUtilityClassConstructor"/>
        <module name="InterfaceIsType"/>

        <!--
          WW: I think package visible and protected members should
          be allowed
        -->
        <module name="VisibilityModifier">
          <property name="packageAllowed" value="true" />
          <property name="protectedAllowed" value="true" />
        </module>


        <!-- Miscellaneous other checks.                   -->
        <!-- See http://checkstyle.sf.net/config_misc.html -->
        <module name="ArrayTypeStyle"/>
        <!-- <module name="FinalParameters"/> -->
        <module name="GenericIllegalRegexp">
          <property name="format" value="\s+$"/>
          <property name="message" value="Line has trailing spaces."/>
        </module>
        <!--
        <module name="TodoComment"/>
        -->
        <module name="UpperEll"/>

    </module>

    <module name="SuppressionCommentFilter"/>
    <module name="SuppressionFilter">
      <property name="file" value="tinyuml-cs-suppressions.xml" />
    </module>

</module>
